<?xml version="1.0" encoding="UTF-8"?>
<GenRun Id="synth_1" LaunchPart="xc7z020clg484-1" LaunchTime="1579259013">
  <File Type="RUN-CONSTRS" Name="$PDATADIR/runs/synth_1/constrs_in.xml"/>
  <File Type="RUN-SRCS" Name="$PDATADIR/runs/synth_1/sources.xml"/>
  <File Type="RUN-STRAT" Name="$PDATADIR/runs/synth_1/synth_1.psg"/>
  <File Type="PA-TCL" Name="vga_ex_dma_wrapper.tcl"/>
  <File Type="RDS-RDS" Name="vga_ex_dma_wrapper.vds"/>
  <File Type="VDS-TIMINGSUMMARY" Name="vga_ex_dma_wrapper_timing_summary_synth.rpt"/>
  <File Type="VDS-TIMING-PB" Name="vga_ex_dma_wrapper_timing_summary_synth.pb"/>
  <File Type="RDS-DCP" Name="vga_ex_dma_wrapper.dcp"/>
  <File Type="RDS-UTIL-PB" Name="vga_ex_dma_wrapper_utilization_synth.pb"/>
  <File Type="RDS-UTIL" Name="vga_ex_dma_wrapper_utilization_synth.rpt"/>
  <File Type="RDS-PROPCONSTRS" Name="vga_ex_dma_wrapper_drc_synth.rpt"/>
  <FileSet Name="sources" Type="DesignSrcs" RelSrcDir="$PSRCDIR/sources_1">
    <Filter Type="Srcs"/>
    <File Path="$PSRCDIR/sources_1/bd/vga_ex_dma/vga_ex_dma.bd">
      <FileInfo>
        <Attr Name="ImportPath" Val="$PPRDIR/../../../../../vga_ex_dma/vga_ex_dma.srcs/sources_1/bd/vga_ex_dma/vga_ex_dma.bd"/>
        <Attr Name="ImportTime" Val="1579237875"/>
        <Attr Name="UsedIn" Val="synthesis"/>
        <Attr Name="UsedIn" Val="implementation"/>
        <Attr Name="UsedIn" Val="simulation"/>
      </FileInfo>
    </File>
    <File Path="$PSRCDIR/sources_1/bd/vga_ex_dma/hdl/vga_ex_dma_wrapper.vhd">
      <FileInfo>
        <Attr Name="ImportPath" Val="$PPRDIR/../../../../../vga_ex_dma/vga_ex_dma.srcs/sources_1/bd/vga_ex_dma/hdl/vga_ex_dma_wrapper.vhd"/>
        <Attr Name="ImportTime" Val="1579237875"/>
        <Attr Name="UsedIn" Val="synthesis"/>
        <Attr Name="UsedIn" Val="simulation"/>
      </FileInfo>
    </File>
    <File Path="$PSRCDIR/sources_1/bd/vga_ex_dma/ip/vga_ex_dma_vga_controller_wrapper_0_0/vga_ex_dma_vga_controller_wrapper_0_0.upgrade_log">
      <FileInfo>
        <Attr Name="ImportPath" Val="$PPRDIR/../../../../../vga_ex_dma/vga_ex_dma.srcs/sources_1/bd/vga_ex_dma/ip/vga_ex_dma_vga_controller_wrapper_0_0/vga_ex_dma_vga_controller_wrapper_0_0.upgrade_log"/>
        <Attr Name="ImportTime" Val="1579152131"/>
      </FileInfo>
    </File>
    <File Path="$PSRCDIR/sources_1/bd/vga_ex_dma/ip/vga_ex_dma_reset_synchronizer_wrapper_0_0/vga_ex_dma_reset_synchronizer_wrapper_0_0.upgrade_log">
      <FileInfo>
        <Attr Name="ImportPath" Val="$PPRDIR/../../../../../vga_ex_dma/vga_ex_dma.srcs/sources_1/bd/vga_ex_dma/ip/vga_ex_dma_reset_synchronizer_wrapper_0_0/vga_ex_dma_reset_synchronizer_wrapper_0_0.upgrade_log"/>
        <Attr Name="ImportTime" Val="1579152311"/>
      </FileInfo>
    </File>
    <File Path="$PSRCDIR/sources_1/bd/vga_ex_dma/ip/vga_ex_dma_xvga_timing_controller_0_0/vga_ex_dma_xvga_timing_controller_0_0.upgrade_log">
      <FileInfo>
        <Attr Name="ImportPath" Val="$PPRDIR/../../../../../vga_ex_dma/vga_ex_dma.srcs/sources_1/bd/vga_ex_dma/ip/vga_ex_dma_xvga_timing_controller_0_0/vga_ex_dma_xvga_timing_controller_0_0.upgrade_log"/>
        <Attr Name="ImportTime" Val="1579237863"/>
      </FileInfo>
    </File>
    <File Path="$PPRDIR/../../../../Bureau/Xilinx/vga_ex_dma_v1_5/archive_project_summary.txt"/>
    <Config>
      <Option Name="DesignMode" Val="RTL"/>
      <Option Name="TopModule" Val="vga_ex_dma_wrapper"/>
      <Option Name="TopAutoSet" Val="TRUE"/>
    </Config>
  </FileSet>
  <FileSet Name="constrs_in" Type="Constrs" RelSrcDir="$PSRCDIR/constrs_1">
    <Filter Type="Constrs"/>
    <File Path="$PSRCDIR/constrs_1/imports/constr/phys_const.xdc">
      <FileInfo>
        <Attr Name="ImportPath" Val="$PPRDIR/../../../../../Documents/tuto-20200116T022718Z-001/tuto/constr/phys_const.xdc"/>
        <Attr Name="ImportTime" Val="1579066290"/>
        <Attr Name="UsedIn" Val="synthesis"/>
        <Attr Name="UsedIn" Val="implementation"/>
      </FileInfo>
    </File>
    <Config>
      <Option Name="ConstrsType" Val="XDC"/>
    </Config>
  </FileSet>
  <Strategy Version="1" Minor="2">
    <StratHandle Name="Vivado Synthesis Defaults" Flow="Vivado Synthesis 2015"/>
    <Step Id="synth_design"/>
  </Strategy>
</GenRun>
